--
-- Script was generated by Devart dbForge Studio for MySQL, Version 8.0.40.0
-- Product home page: http://www.devart.com/dbforge/mysql/studio
-- Script date 14-Aug-21 10:11:08 PM
-- Server version: 8.0.17
-- Client version: 4.1
--

-- 
-- Disable foreign keys
-- 
/*!40014 SET @OLD_FOREIGN_KEY_CHECKS=@@FOREIGN_KEY_CHECKS, FOREIGN_KEY_CHECKS=0 */;

-- 
-- Set SQL mode
-- 
/*!40101 SET @OLD_SQL_MODE=@@SQL_MODE, SQL_MODE='NO_AUTO_VALUE_ON_ZERO' */;

--
-- Set default database
--
USE
inventory_management;

--
-- Drop table `hibernate_sequence`
--
DROP TABLE IF EXISTS hibernate_sequence;

--
-- Drop table `auth`
--
DROP TABLE IF EXISTS auth;

--
-- Drop table `menu`
--
DROP TABLE IF EXISTS menu;

--
-- Drop table `user_role`
--
DROP TABLE IF EXISTS user_role;

--
-- Drop table `role`
--
DROP TABLE IF EXISTS role;

--
-- Drop table `issue_detail`
--
DROP TABLE IF EXISTS issue_detail;

--
-- Drop table `issue`
--
DROP TABLE IF EXISTS issue;

--
-- Drop table `customer`
--
DROP TABLE IF EXISTS customer;

--
-- Drop table `product_detail`
--
DROP TABLE IF EXISTS product_detail;

--
-- Drop table `product_status_detail`
--
DROP TABLE IF EXISTS product_status_detail;

--
-- Drop table `vat_detail`
--
DROP TABLE IF EXISTS vat_detail;

--
-- Drop table `product_info`
--
DROP TABLE IF EXISTS product_info;

--
-- Drop table `category`
--
DROP TABLE IF EXISTS category;

--
-- Drop table `product_status_list`
--
DROP TABLE IF EXISTS product_status_list;

--
-- Drop table `vat`
--
DROP TABLE IF EXISTS vat;

--
-- Drop table `supplier`
--
DROP TABLE IF EXISTS supplier;

--
-- Drop table `shelf`
--
DROP TABLE IF EXISTS shelf;

--
-- Drop table `users`
--
DROP TABLE IF EXISTS users;

--
-- Drop table `branch`
--
DROP TABLE IF EXISTS branch;

--
-- Set default database
--
USE
inventory_management_test;

--
-- Create table `branch`
--
CREATE TABLE branch
(
    id          int(11) NOT NULL,
    active_flag int(11) DEFAULT NULL,
    create_date datetime(6) DEFAULT NULL,
    update_date datetime(6) DEFAULT NULL,
    address     varchar(255) DEFAULT NULL,
    code        varchar(255) DEFAULT NULL,
    name        varchar(255) DEFAULT NULL,
    phone       varchar(255) DEFAULT NULL,
    PRIMARY KEY (id)
) ENGINE = INNODB,
AVG_ROW_LENGTH = 4096,
CHARACTER SET utf8mb4,
COLLATE utf8mb4_0900_ai_ci;

--
-- Create table `users`
--
CREATE TABLE users
(
    id          int(11) NOT NULL AUTO_INCREMENT,
    active_flag int(11) DEFAULT NULL,
    create_date datetime(6) DEFAULT NULL,
    email       varchar(255) DEFAULT NULL,
    name        varchar(255) DEFAULT NULL,
    password    varchar(255) NOT NULL,
    phone       varchar(255) DEFAULT NULL,
    status      int(11) NOT NULL,
    update_date datetime(6) DEFAULT NULL,
    user_name   varchar(255) DEFAULT NULL,
    branch_id   int(11) DEFAULT NULL,
    PRIMARY KEY (id)
) ENGINE = INNODB,
AUTO_INCREMENT = 4,
AVG_ROW_LENGTH = 5461,
CHARACTER SET utf8mb4,
COLLATE utf8mb4_0900_ai_ci;

--
-- Create index `UK_k8d0f2n7n88w1a16yhua64onx` on table `users`
--
ALTER TABLE users
    ADD UNIQUE INDEX UK_k8d0f2n7n88w1a16yhua64onx (user_name);

--
-- Create foreign key
--
ALTER TABLE users
    ADD CONSTRAINT FKixo09sv3j1j6hfox3cx6d2ggg FOREIGN KEY (branch_id)
        REFERENCES branch (id);

--
-- Create table `shelf`
--
CREATE TABLE shelf
(
    id          int(11) NOT NULL,
    active_flag int(11) DEFAULT NULL,
    create_date datetime(6) DEFAULT NULL,
    update_date datetime(6) DEFAULT NULL,
    description varchar(255) DEFAULT NULL,
    name        varchar(255) DEFAULT NULL,
    qty         int(11) NOT NULL,
    total       int(11) NOT NULL,
    branch_id   int(11) DEFAULT NULL,
    PRIMARY KEY (id)
) ENGINE = INNODB,
AVG_ROW_LENGTH = 4096,
CHARACTER SET utf8mb4,
COLLATE utf8mb4_0900_ai_ci;

--
-- Create foreign key
--
ALTER TABLE shelf
    ADD CONSTRAINT FK3imcmv9dtkb51q35mcpsk7s8s FOREIGN KEY (branch_id)
        REFERENCES branch (id);

--
-- Create table `supplier`
--
CREATE TABLE supplier
(
    id          int(11) NOT NULL,
    active_flag int(11) DEFAULT NULL,
    create_date datetime(6) DEFAULT NULL,
    update_date datetime(6) DEFAULT NULL,
    address     varchar(255) DEFAULT NULL,
    name        varchar(255) DEFAULT NULL,
    phone       varchar(255) DEFAULT NULL,
    PRIMARY KEY (id)
) ENGINE = INNODB,
AVG_ROW_LENGTH = 8192,
CHARACTER SET utf8mb4,
COLLATE utf8mb4_0900_ai_ci;

--
-- Create table `vat`
--
CREATE TABLE vat
(
    id          int(11) NOT NULL AUTO_INCREMENT,
    active_flag int(11) DEFAULT NULL,
    create_date datetime(6) DEFAULT NULL,
    update_date datetime(6) DEFAULT NULL,
    code        varchar(255)   DEFAULT NULL,
    percent     decimal(19, 2) DEFAULT NULL,
    price       decimal(19, 2) DEFAULT NULL,
    tax         varchar(255)   DEFAULT NULL,
    branch_id   int(11) DEFAULT NULL,
    supplier_id int(11) DEFAULT NULL,
    user_id     int(11) DEFAULT NULL,
    PRIMARY KEY (id)
) ENGINE = INNODB,
AUTO_INCREMENT = 6,
AVG_ROW_LENGTH = 3276,
CHARACTER SET utf8mb4,
COLLATE utf8mb4_0900_ai_ci;

--
-- Create foreign key
--
ALTER TABLE vat
    ADD CONSTRAINT FK4wmdv5le91v2cqmpfdpw4bkt9 FOREIGN KEY (supplier_id)
        REFERENCES supplier (id);

--
-- Create foreign key
--
ALTER TABLE vat
    ADD CONSTRAINT FKp9s9006gm0gookv6s6xi5ff4y FOREIGN KEY (branch_id)
        REFERENCES branch (id);

--
-- Create foreign key
--
ALTER TABLE vat
    ADD CONSTRAINT FKptpvbqa88cmjys5s6tckhsqgn FOREIGN KEY (user_id)
        REFERENCES users (id);

--
-- Create table `product_status_list`
--
CREATE TABLE product_status_list
(
    id          int(11) NOT NULL AUTO_INCREMENT,
    active_flag int(11) DEFAULT NULL,
    create_date datetime(6) DEFAULT NULL,
    update_date datetime(6) DEFAULT NULL,
    code        varchar(255)   DEFAULT NULL,
    price       decimal(19, 2) DEFAULT NULL,
    type        int(11) NOT NULL,
    user_id     int(11) DEFAULT NULL,
    vat_id      int(11) DEFAULT NULL,
    PRIMARY KEY (id)
) ENGINE = INNODB,
AUTO_INCREMENT = 11,
AVG_ROW_LENGTH = 2730,
CHARACTER SET utf8mb4,
COLLATE utf8mb4_0900_ai_ci;

--
-- Create foreign key
--
ALTER TABLE product_status_list
    ADD CONSTRAINT FK1ij848mnivb6f7853a3xwft98 FOREIGN KEY (user_id)
        REFERENCES users (id);

--
-- Create foreign key
--
ALTER TABLE product_status_list
    ADD CONSTRAINT FKm4yq89im78le3xoqmhfdwnkyn FOREIGN KEY (vat_id)
        REFERENCES vat (id);

--
-- Create table `category`
--
CREATE TABLE category
(
    id          int(11) NOT NULL AUTO_INCREMENT,
    active_flag int(11) DEFAULT NULL,
    code        varchar(255) DEFAULT NULL,
    create_date datetime(6) DEFAULT NULL,
    description varchar(255) DEFAULT NULL,
    name        varchar(255) DEFAULT NULL,
    update_date datetime(6) DEFAULT NULL,
    PRIMARY KEY (id)
) ENGINE = INNODB,
AUTO_INCREMENT = 3,
AVG_ROW_LENGTH = 8192,
CHARACTER SET utf8mb4,
COLLATE utf8mb4_0900_ai_ci;

--
-- Create table `product_info`
--
CREATE TABLE product_info
(
    id          int(11) NOT NULL AUTO_INCREMENT,
    active_flag int(11) DEFAULT NULL,
    create_date datetime(6) DEFAULT NULL,
    update_date datetime(6) DEFAULT NULL,
    description varchar(255)   DEFAULT NULL,
    img_name    varchar(255)   DEFAULT NULL,
    img_url     varchar(255)   DEFAULT NULL,
    name        varchar(255)   DEFAULT NULL,
    price_in    decimal(19, 2) DEFAULT NULL,
    price_out   decimal(19, 2) DEFAULT NULL,
    qty         int(11) NOT NULL,
    cate_id     int(11) DEFAULT NULL,
    PRIMARY KEY (id)
) ENGINE = INNODB,
AUTO_INCREMENT = 4,
AVG_ROW_LENGTH = 5461,
CHARACTER SET utf8mb4,
COLLATE utf8mb4_0900_ai_ci;

--
-- Create foreign key
--
ALTER TABLE product_info
    ADD CONSTRAINT FK64c54e6uhbpemrg1lady2teb0 FOREIGN KEY (cate_id)
        REFERENCES category (id);

--
-- Create table `vat_detail`
--
CREATE TABLE vat_detail
(
    id          int(11) NOT NULL AUTO_INCREMENT,
    active_flag int(11) DEFAULT NULL,
    price_one   decimal(19, 2) NOT NULL,
    qty         int(11) NOT NULL,
    product_id  int(11) DEFAULT NULL,
    vat_id      int(11) DEFAULT NULL,
    PRIMARY KEY (id)
) ENGINE = INNODB,
AUTO_INCREMENT = 4,
AVG_ROW_LENGTH = 5461,
CHARACTER SET utf8mb4,
COLLATE utf8mb4_0900_ai_ci;

--
-- Create foreign key
--
ALTER TABLE vat_detail
    ADD CONSTRAINT FK5sqw3t04l5tpw6ppodfonxmf1 FOREIGN KEY (product_id)
        REFERENCES product_info (id);

--
-- Create foreign key
--
ALTER TABLE vat_detail
    ADD CONSTRAINT FKmjiqyg2c2b0xaeer7iw144m1b FOREIGN KEY (vat_id)
        REFERENCES vat (id);

--
-- Create table `product_status_detail`
--
CREATE TABLE product_status_detail
(
    id                     int(11) NOT NULL AUTO_INCREMENT,
    active_flag            int(11) DEFAULT NULL,
    price_one              decimal(19, 2) NOT NULL,
    qty                    int(11) NOT NULL,
    qty_rest               int(11) DEFAULT NULL,
    product_id             int(11) DEFAULT NULL,
    product_status_list_id int(11) DEFAULT NULL,
    PRIMARY KEY (id)
) ENGINE = INNODB,
AUTO_INCREMENT = 7,
AVG_ROW_LENGTH = 2730,
CHARACTER SET utf8mb4,
COLLATE utf8mb4_0900_ai_ci;

--
-- Create foreign key
--
ALTER TABLE product_status_detail
    ADD CONSTRAINT FKe8n8qxiloet3sj95kk8jqjsxg FOREIGN KEY (product_status_list_id)
        REFERENCES product_status_list (id);

--
-- Create foreign key
--
ALTER TABLE product_status_detail
    ADD CONSTRAINT FKjg82jfccuheteoh5vh8u9kjh3 FOREIGN KEY (product_id)
        REFERENCES product_info (id);

--
-- Create table `product_detail`
--
CREATE TABLE product_detail
(
    id                     int(11) NOT NULL AUTO_INCREMENT,
    active_flag            int(11) DEFAULT NULL,
    create_date            datetime(6) DEFAULT NULL,
    update_date            datetime(6) DEFAULT NULL,
    imei                   varchar(255) DEFAULT NULL,
    status                 varchar(255) DEFAULT NULL,
    product_id             int(11) DEFAULT NULL,
    product_status_list_id int(11) DEFAULT NULL,
    shelf_id               int(11) DEFAULT NULL,
    PRIMARY KEY (id)
) ENGINE = INNODB,
AUTO_INCREMENT = 16,
AVG_ROW_LENGTH = 1365,
CHARACTER SET utf8mb4,
COLLATE utf8mb4_0900_ai_ci;

--
-- Create foreign key
--
ALTER TABLE product_detail
    ADD CONSTRAINT FK25q9ucek9im7pvixhtk0830uw FOREIGN KEY (product_status_list_id)
        REFERENCES product_status_list (id);

--
-- Create foreign key
--
ALTER TABLE product_detail
    ADD CONSTRAINT FK6rochalrpvn621y6njxjk5kyc FOREIGN KEY (product_id)
        REFERENCES product_info (id);

--
-- Create foreign key
--
ALTER TABLE product_detail
    ADD CONSTRAINT FKdbgjcs5j68gxeuvl8aoorpvm3 FOREIGN KEY (shelf_id)
        REFERENCES shelf (id);

--
-- Create table `customer`
--
CREATE TABLE customer
(
    id          int(11) NOT NULL AUTO_INCREMENT,
    active_flag int(11) DEFAULT NULL,
    create_date datetime(6) DEFAULT NULL,
    update_date datetime(6) DEFAULT NULL,
    address     varchar(255) DEFAULT NULL,
    name        varchar(255) DEFAULT NULL,
    phone       varchar(255) DEFAULT NULL,
    PRIMARY KEY (id)
) ENGINE = INNODB,
AUTO_INCREMENT = 3,
AVG_ROW_LENGTH = 8192,
CHARACTER SET utf8mb4,
COLLATE utf8mb4_0900_ai_ci;

--
-- Create table `issue`
--
CREATE TABLE issue
(
    id          int(11) NOT NULL AUTO_INCREMENT,
    active_flag int(11) DEFAULT NULL,
    create_date datetime(6) DEFAULT NULL,
    update_date datetime(6) DEFAULT NULL,
    code        varchar(255)   DEFAULT NULL,
    price       decimal(19, 2) DEFAULT NULL,
    customer_id int(11) DEFAULT NULL,
    user_id     int(11) DEFAULT NULL,
    PRIMARY KEY (id)
) ENGINE = INNODB,
AUTO_INCREMENT = 7,
AVG_ROW_LENGTH = 2730,
CHARACTER SET utf8mb4,
COLLATE utf8mb4_0900_ai_ci;

--
-- Create foreign key
--
ALTER TABLE issue
    ADD CONSTRAINT FK4re8gnqikxtudxkwg87wl9c8p FOREIGN KEY (customer_id)
        REFERENCES customer (id);

--
-- Create foreign key
--
ALTER TABLE issue
    ADD CONSTRAINT FKpixej4khohre7b3lhnnd24o4i FOREIGN KEY (user_id)
        REFERENCES users (id);

--
-- Create table `issue_detail`
--
CREATE TABLE issue_detail
(
    id          int(11) NOT NULL AUTO_INCREMENT,
    active_flag int(11) DEFAULT NULL,
    imei        varchar(255)   DEFAULT NULL,
    price_one   decimal(19, 2) DEFAULT NULL,
    issue_id    int(11) DEFAULT NULL,
    product_id  int(11) DEFAULT NULL,
    PRIMARY KEY (id)
) ENGINE = INNODB,
AUTO_INCREMENT = 12,
AVG_ROW_LENGTH = 1638,
CHARACTER SET utf8mb4,
COLLATE utf8mb4_0900_ai_ci;

--
-- Create foreign key
--
ALTER TABLE issue_detail
    ADD CONSTRAINT FK7i3j9tw1fi41ocvg6a3hijy5o FOREIGN KEY (issue_id)
        REFERENCES issue (id);

--
-- Create foreign key
--
ALTER TABLE issue_detail
    ADD CONSTRAINT FKefbsjydr51tjtok53ltvmu3gn FOREIGN KEY (product_id)
        REFERENCES product_info (id);

--
-- Create table `role`
--
CREATE TABLE role
(
    id          int(11) NOT NULL AUTO_INCREMENT,
    active_flag int(11) DEFAULT NULL,
    create_date datetime(6) DEFAULT NULL,
    description varchar(255) DEFAULT NULL,
    role_name   varchar(255) DEFAULT NULL,
    update_date datetime(6) DEFAULT NULL,
    PRIMARY KEY (id)
) ENGINE = INNODB,
AUTO_INCREMENT = 4,
AVG_ROW_LENGTH = 5461,
CHARACTER SET utf8mb4,
COLLATE utf8mb4_0900_ai_ci;

--
-- Create index `UK_iubw515ff0ugtm28p8g3myt0h` on table `role`
--
ALTER TABLE role
    ADD UNIQUE INDEX UK_iubw515ff0ugtm28p8g3myt0h (role_name);

--
-- Create table `user_role`
--
CREATE TABLE user_role
(
    user_id int(11) NOT NULL,
    role_id int(11) NOT NULL,
    PRIMARY KEY (user_id, role_id)
) ENGINE = INNODB,
AVG_ROW_LENGTH = 4096,
CHARACTER SET utf8mb4,
COLLATE utf8mb4_0900_ai_ci;

--
-- Create foreign key
--
ALTER TABLE user_role
    ADD CONSTRAINT FKa68196081fvovjhkek5m97n3y FOREIGN KEY (role_id)
        REFERENCES role (id);

--
-- Create foreign key
--
ALTER TABLE user_role
    ADD CONSTRAINT FKj345gk1bovqvfame88rcx7yyx FOREIGN KEY (user_id)
        REFERENCES users (id);

--
-- Create table `menu`
--
CREATE TABLE menu
(
    id          int(11) NOT NULL AUTO_INCREMENT,
    active_flag int(11) DEFAULT NULL,
    create_date datetime(6) DEFAULT NULL,
    name        varchar(255) DEFAULT NULL,
    order_index int(11) DEFAULT NULL,
    parent_id   int(11) DEFAULT NULL,
    update_date datetime(6) DEFAULT NULL,
    url         varchar(255) DEFAULT NULL,
    PRIMARY KEY (id)
) ENGINE = INNODB,
CHARACTER SET utf8mb4,
COLLATE utf8mb4_0900_ai_ci;

--
-- Create table `auth`
--
CREATE TABLE auth
(
    id          int(11) NOT NULL,
    active_flag int(11) DEFAULT NULL,
    create_date datetime(6) DEFAULT NULL,
    menu        tinyblob DEFAULT NULL,
    permission  int(11) NOT NULL,
    role        tinyblob DEFAULT NULL,
    update_date datetime(6) DEFAULT NULL,
    role_id     int(11) NOT NULL,
    menu_id     int(11) NOT NULL AUTO_INCREMENT,
    PRIMARY KEY (menu_id, role_id)
) ENGINE = INNODB,
CHARACTER SET utf8mb4,
COLLATE utf8mb4_0900_ai_ci;

--
-- Create foreign key
--
ALTER TABLE auth
    ADD CONSTRAINT FK8w1fy3t8xbu50rh4e1275rns1 FOREIGN KEY (role_id)
        REFERENCES role (id);

--
-- Create foreign key
--
ALTER TABLE auth
    ADD CONSTRAINT FKlv33yub760rfsotvgyvtwy0jd FOREIGN KEY (menu_id)
        REFERENCES menu (id);

--
-- Create table `hibernate_sequence`
--
CREATE TABLE hibernate_sequence
(
    next_val bigint(20) DEFAULT NULL
) ENGINE = INNODB,
AVG_ROW_LENGTH = 5461,
CHARACTER SET utf8mb4,
COLLATE utf8mb4_0900_ai_ci;

-- 
-- Dumping data for table branch
--
INSERT INTO branch
VALUES (1, 1, '2021-08-05 00:46:12', '2021-08-13 18:21:53.835', '18 Tam Trinh, Minh Khai, Hà Nội', 'TT', 'Tam Trinh',
        '0363240499'),
       (2, 1, '2021-08-05 00:46:12', '2021-08-05 00:46:12', 'Hưng Yên', 'HY', 'Hưng Yên', '0837893336'),
       (4, 1, '2021-08-06 16:24:05.513', '2021-08-06 16:24:05.513', 'Khoái Châu', 'KC', 'Khoái Châu', '0363240499'),
       (6, 1, '2021-08-08 17:28:21.511', '2021-08-08 17:28:21.511', 'Cầu Giấy', 'CG', 'Cầu Giấy', '0363240499');

-- 
-- Dumping data for table users
--
INSERT INTO users
VALUES (1, 1, '2021-07-24 16:45:54.888', 'hieupv@mpos.vn', 'Hieu Phan', 'g/Fp1WdaKMWLAURClWmo7ygf5+pUr9O/',
        '0363240499', 0, '2021-08-12 17:32:53.601', 'hieupv', 1),
       (2, 1, '2021-07-24 16:45:54.888', 'vuanh141299@gmail.com', 'Hoàng Anh', 'g/Fp1WdaKMWLAURClWmo7ygf5+pUr9O/',
        '0837893336', 0, '2021-08-08 18:18:44.843', 'anhvh', 2),
       (3, 1, '2021-07-31 19:17:30.083', 'hieupvstaff@gmail.com', 'Hieu Staff', 'g/Fp1WdaKMWLAURClWmo7ygf5+pUr9O/',
        '0363240499', 0, '2021-07-31 19:17:30.083', 'hieupvstaff', 1);

-- 
-- Dumping data for table supplier
--
INSERT INTO supplier
VALUES (1, 1, '2021-07-31 12:12:58.994', '2021-08-13 18:22:47.21', '55 Giải Phóng, Hà Nội', 'Supplier 1', '0363240499'),
       (2, 1, '2021-07-31 12:12:58.994', '2021-08-13 18:22:30.265', 'Nhà 7.5, Hoàng Mai, Hà Nội', 'Hiếu', '0837893336'),
       (9, 1, '2021-08-13 17:04:35.604', '2021-08-13 17:04:35.604', 'Hưng Yên', 'Hoàng Anh', '0837893336');

-- 
-- Dumping data for table category
--
INSERT INTO category
VALUES (1, 1, 'apple1', '2021-07-24 15:41:30.288', 'Apple from USA', 'Apple', '2021-08-04 17:44:05.123'),
       (2, 1, 'Xiaomi', '2021-08-07 19:09:36.715', 'Xiaomi from China', 'Xiaomi', '2021-08-07 19:09:36.715'),
       (3, 1, 'ss', '2021-08-13 16:30:31.145', 'Samsung from Korean', 'SamSung', '2021-08-13 16:30:31.145'),
       (4, 1, 'lg', '2021-08-13 18:47:18.992', 'LG from Việt Nam', 'LG', '2021-08-13 18:47:18.992'),
       (5, 1, 'sony', '2021-08-14 01:36:20.41', 'Sony from USA', 'Sony', '2021-08-14 01:36:20.41');

-- 
-- Dumping data for table customer
--
INSERT INTO customer
VALUES (1, 1, '2021-07-24 16:39:18.096', '2021-07-24 16:39:18.096', 'HN', 'Customer One', '0363240499'),
       (2, 1, '2021-08-08 18:14:34.613', '2021-08-08 18:14:34.613', 'Hà Nội', 'Hiếu PV', '0363240499'),
       (3, 1, '2021-08-13 18:09:21.267', '2021-08-13 18:09:21.267', 'Nhà 7.5, Ngách 3, Ngõ 255', 'Hoàng Anh',
        '0837893336');

-- 
-- Dumping data for table vat
--
INSERT INTO vat
VALUES (1, 1, '2021-07-24 15:40:42.853', '2021-07-24 15:40:42.853', 'VAT1', 0.10, 150000.00, '123456', 1, 1, 1),
       (2, 1, '2021-07-24 15:40:42.853', '2021-07-24 15:40:42.853', 'VAT2', 0.10, 60000.00, '123455', 1, 1, 1),
       (3, 1, '2021-08-06 14:47:33.81', '2021-08-06 14:47:33.81', 'Vat3', 0.10, 60000.00, '123456', 1, 2, 1),
       (4, 0, '2021-08-12 17:39:40.44', '2021-08-12 17:39:40.44', 'Vat5', 0.10, 0.00, '123456', 1, 2, 1),
       (5, 1, '2021-08-12 17:50:35.404', '2021-08-12 17:50:35.404', 'Vat6HY', 0.10, 14500.00, '123456', 2, 1, 2),
       (6, 1, '2021-08-14 01:38:19.03', '2021-08-14 01:38:19.03', 'Vat7', 0.10, 90000.00, '123456', 1, 9, 1);

-- 
-- Dumping data for table shelf
--
INSERT INTO shelf
VALUES (1, 1, '2021-07-29 23:09:20', '2021-08-13 18:53:48.05', 'Shelf A Tam Trinh', 'A TT', 2, 500, 1),
       (3, 1, '2021-08-04 17:54:59.703', '2021-08-13 18:54:02.322', 'Shelf B Tam Trinh', 'B TT', 2, 400, 1),
       (5, 1, '2021-08-06 16:26:27.392', '2021-08-12 17:49:37.552', 'Shelf C HY', 'Shelf C HY', 2, 400, 2),
       (7, 1, '2021-08-12 17:49:24.226', '2021-08-12 17:49:24.226', 'Shelf D in Hưng Yên', 'Shelf D HY', 0, 300, 2),
       (8, 1, '2021-08-13 17:03:10.52', '2021-08-13 17:03:10.52', 'Shelf E Cầu Giấy', 'Shelf E CG', 0, 500, 6);

-- 
-- Dumping data for table product_status_list
--
INSERT INTO product_status_list
VALUES (5, 1, '2021-07-29 15:56:30.907', '2021-07-29 15:56:30.907', 'DONE29720211', 140000.00, 1, 1, 1),
       (6, 1, '2021-07-29 15:56:30.971', '2021-07-29 15:56:30.971', 'BACK29720211', 10000.00, 2, 1, 1),
       (7, 1, '2021-08-04 18:20:49.311', '2021-08-04 18:20:49.311', 'DONE5820212', 60000.00, 1, 1, 2),
       (8, 1, '2021-08-04 18:20:49.334', '2021-08-04 18:20:49.334', 'BACK5820212', 0.00, 2, 1, 2),
       (9, 1, '2021-08-12 17:42:12.802', '2021-08-12 17:42:12.802', 'DONE13820213', 60000.00, 1, 1, 3),
       (10, 1, '2021-08-12 17:42:12.916', '2021-08-12 17:42:12.916', 'BACK13820213', 0.00, 2, 1, 3),
       (11, 1, '2021-08-13 19:17:05.796', '2021-08-13 19:17:05.796', 'DONE14820214', 14500.00, 1, 1, 5),
       (12, 1, '2021-08-13 19:17:05.924', '2021-08-13 19:17:05.924', 'BACK14820214', 0.00, 2, 1, 5),
       (13, 1, '2021-08-14 01:40:55.498', '2021-08-14 01:40:55.498', 'DONE14820215', 30000.00, 1, 1, 6),
       (14, 1, '2021-08-14 01:40:55.508', '2021-08-14 01:40:55.508', 'BACK14820215', 0.00, 2, 1, 6);

-- 
-- Dumping data for table product_info
--
INSERT INTO product_info
VALUES (1, 1, '2021-07-29 23:09:20', '2021-08-12 17:20:57.546', 'Ipohone X',
        '56791169-handwritten-names-of-months-december-january-february-march-april-may-june-july-august-september-oct.jpeg.jpg',
        'https://drive.google.com/uc?id=16uokAMMv96LvW5yp4jnc03_hhIpt0_FE', 'Iphone X', 10000.00, 12000.00, 1, 1),
       (2, 1, '2021-07-26 16:32:52.348', '2021-08-12 17:21:40.971', 'Iphone 12 Apple',
        '600_iphone_11_pro_xanh_reu_xtmobile_1.jpg', 'https://drive.google.com/uc?id=1MTOuIylrypWIihC1Oh1CwcocVaDY65LY',
        'Iphone 12', 14000.00, 16800.00, 9, 1),
       (3, 0, '2021-07-30 17:14:00.955', '2021-07-30 17:14:00.955', 'rttyyu',
        'HszEgjguw2IswU2YG6g0drEKTNJFXfBLTnw7ZfZm.jpg',
        'https://drive.google.com/uc?id=1pTG94dCR9_ntAPxi9xhHOz_MWUfveEWc', 'abcc', 1.00, 1.00, 9, 1),
       (4, 1, '2021-08-13 16:31:28.149', '2021-08-13 16:31:28.149', 'SamSung S20 Ultra', '494423535.jpeg',
        'https://drive.google.com/uc?id=1Xp_6TzzIy_DwwGomOdafvDjf-ZPHkbkU', 'SamSung S20 Ultra', 1.00, 1.00, 0, 3),
       (5, 1, '2021-08-13 18:49:12.696', '2021-08-13 18:49:12.696', 'LG K61 2021', '4wcxv6.jpg',
        'https://drive.google.com/uc?id=15mr2CH53KQfqIBjBBn4bP7j-JCIqcgZp', 'LG K61', 12785.71, 15342.85, 5, 4),
       (6, 1, '2021-08-14 01:37:21.652', '2021-08-14 01:37:21.652', 'Sony Ericson', '636483223586180190_3_13_5.jpg',
        'https://drive.google.com/uc?id=1oX1DLG0-YUIczsSE_MARoBo7v63F0Lb8', 'Sony Ericson', 1.00, 1.00, 0, 5);

-- 
-- Dumping data for table issue
--
INSERT INTO issue
VALUES (1, 0, '2021-07-24 16:40:05.447', '2021-07-24 16:40:05.447', 'ISSUE243020211', 48001.00, 1, 1),
       (2, 0, '2021-08-12 16:28:21.667', '2021-08-12 16:28:21.667', 'ISSUE123320211', 12000.00, 2, 1),
       (3, 1, '2021-08-12 16:28:34.086', '2021-08-12 16:28:34.086', 'ISSUE123320212', 28800.00, 2, 1),
       (4, 1, '2021-08-12 16:32:14.715', '2021-08-12 16:32:14.715', 'ISSUE12820213', 28800.00, 1, 1),
       (5, 1, '2021-08-12 16:50:59.834', '2021-08-12 16:50:59.834', 'ISSUE12820214', 0.00, 2, 2),
       (6, 1, '2021-08-12 17:39:20.875', '2021-08-12 17:39:20.875', 'ISSUE13820215', 0.00, 2, 1),
       (7, 1, '2021-08-13 19:02:16.109', '2021-08-13 19:02:16.109', 'ISSUE14820215', 0.00, 3, 1),
       (8, 1, '2021-08-14 01:46:36.264', '2021-08-14 01:46:36.264', 'ISSUE14820216', 30685.70, 3, 1);

-- 
-- Dumping data for table role
--
INSERT INTO role
VALUES (1, 1, '2020-04-06 01:27:21', 'admin for system', 'ADMIN', '2020-04-06 01:27:21'),
       (2, 1, '2020-04-06 01:27:21', 'staff', 'STAFF', '2020-04-06 01:27:21'),
       (3, 1, '2020-04-06 01:27:21', 'manager', 'MANAGER', '2020-04-06 01:27:21');

-- 
-- Dumping data for table menu
--
-- Table inventory_management_test.menu does not contain any data (it is empty)

-- 
-- Dumping data for table vat_detail
--
INSERT INTO vat_detail
VALUES (1, 1, 10000.00, 5, 1, 1),
       (2, 1, 20000.00, 5, 2, 1),
       (3, 1, 10000.00, 6, 2, 2),
       (4, 1, 15000.00, 4, 5, 3),
       (5, 1, 14500.00, 1, 5, 5),
       (6, 1, 10000.00, 3, 5, 6),
       (7, 1, 12000.00, 5, 6, 6);

-- 
-- Dumping data for table user_role
--
INSERT INTO user_role
VALUES (1, 1),
       (2, 2),
       (3, 2),
       (2, 3);

-- 
-- Dumping data for table product_status_detail
--
INSERT INTO product_status_detail
VALUES (1, 1, 10000.00, 4, 1, 1, 5),
       (2, 1, 10000.00, 1, 4, 1, 6),
       (3, 1, 20000.00, 5, 0, 2, 5),
       (4, 1, 20000.00, 0, 5, 2, 6),
       (5, 1, 10000.00, 6, 0, 2, 7),
       (6, 1, 10000.00, 0, 6, 2, 8),
       (7, 1, 15000.00, 4, 0, 5, 9),
       (8, 1, 15000.00, 0, 4, 5, 10),
       (9, 1, 14500.00, 1, 0, 5, 11),
       (10, 1, 14500.00, 0, 1, 5, 12),
       (11, 1, 10000.00, 3, 0, 5, 13),
       (12, 1, 10000.00, 0, 3, 5, 14);

-- 
-- Dumping data for table product_detail
--
INSERT INTO product_detail
VALUES (4, 0, '2021-07-29 16:24:17.805', '2021-07-29 16:24:17.805', 'X123', 'INVALID', 1, 5, 1),
       (5, 1, '2021-08-01 18:25:54.834', '2021-08-01 18:25:54.834', '456789', 'INVALID', 1, 5, 1),
       (6, 1, '2021-08-01 18:28:04.231', '2021-08-01 18:28:04.231', '7777', 'INVALID', 1, 5, 1),
       (7, 0, '2021-08-01 18:42:04.4', '2021-08-01 18:42:04.4', '999', 'VALID', 1, 5, 1),
       (8, 1, '2021-08-04 18:12:13.523', '2021-08-04 18:12:13.523', '9999', 'INVALID', 2, 5, 1),
       (9, 0, '2021-08-04 18:12:41.893', '2021-08-04 18:12:41.893', '909', 'VALID', 2, 5, 3),
       (10, 1, '2021-08-08 16:50:10.96', '2021-08-08 16:50:10.96', '2222', 'INVALID', 2, 7, 3),
       (11, 0, '2021-08-08 16:50:35.966', '2021-08-08 16:50:35.966', '555', 'VALID', 2, 7, 1),
       (12, 0, '2021-08-08 17:00:36.524', '2021-08-08 17:00:36.524', '87', 'VALID', 2, 7, 3),
       (13, 1, '2021-08-08 17:01:09.945', '2021-08-08 17:01:09.945', '88', 'VALID', 2, 5, 3),
       (14, 1, '2021-08-12 18:09:59.194', '2021-08-12 18:09:59.194', '1112', 'VALID', 2, 7, 3),
       (15, 1, '2021-08-12 18:52:46.824', '2021-08-12 18:52:46.824', 'X123', 'VALID', 1, 5, 1),
       (16, 0, '2021-08-13 18:55:52.86', '2021-08-13 18:55:52.86', 'LG1', 'INVALID', 5, 9, 5),
       (17, 1, '2021-08-13 18:56:14.203', '2021-08-13 18:56:14.203', 'LG2', 'INVALID', 5, 9, 7),
       (18, 1, '2021-08-13 18:56:34.408', '2021-08-13 18:56:34.408', 'LG3', 'INVALID', 5, 9, 7),
       (19, 1, '2021-08-13 19:01:54.014', '2021-08-13 19:01:54.014', 'LG4', 'VALID', 5, 9, 5),
       (20, 1, '2021-08-13 19:18:17.041', '2021-08-13 19:18:17.041', 'LG1', 'VALID', 5, 11, 5),
       (21, 1, '2021-08-14 14:46:43.595', '2021-08-14 14:46:43.595', '111', 'VALID', 1, 5, 1);

-- 
-- Dumping data for table issue_detail
--
INSERT INTO issue_detail
VALUES (1, 0, '456789', 1.00, 1, 3),
       (2, 0, 'X123', 12000.00, 1, 1),
       (3, 0, '7777', 12000.00, 1, 1),
       (4, 0, '9999', 24000.00, 1, 2),
       (5, 0, 'X123', 12000.00, 2, 1),
       (7, 1, '456789', 12000.00, 3, 1),
       (8, 1, '9999', 16800.00, 4, 2),
       (9, 1, '2222', 16800.00, 3, 2),
       (10, 1, '7777', 12000.00, 4, 1),
       (11, 0, 'X123', 12000.00, 5, 1),
       (12, 0, 'LG1', 18000.00, 7, 5),
       (13, 1, 'LG2', 15342.85, 8, 5),
       (14, 1, 'LG3', 15342.85, 8, 5);

-- 
-- Dumping data for table hibernate_sequence
--
INSERT INTO hibernate_sequence
VALUES (10),
       (10),
       (10);

-- 
-- Dumping data for table auth
--
-- Table inventory_management_test.auth does not contain any data (it is empty)

-- 
-- Restore previous SQL mode
-- 
/*!40101 SET SQL_MODE=@OLD_SQL_MODE */;

-- 
-- Enable foreign keys
-- 
/*!40014 SET FOREIGN_KEY_CHECKS = @OLD_FOREIGN_KEY_CHECKS */;